flightdate,STATION_NAME,PRCP,SNWD,SNOW,TMAX,TMIN,monthnum
2013-12-01,CHICAGO OHARE INTERNATIONAL AIRPORT IL US,0,0,0,42,.,12
2013-12-02,CHICAGO OHARE INTERNATIONAL AIRPORT IL US,0.07,0,0,44,29,12
2013-12-03,CHICAGO OHARE INTERNATIONAL AIRPORT IL US,0.02,0,0,50,37,12
2013-12-04,CHICAGO OHARE INTERNATIONAL AIRPORT IL US,0.02,0,0,56,39,12
2013-12-05,CHICAGO OHARE INTERNATIONAL AIRPORT IL US,0,0,0,39,21,12
2013-12-06,CHICAGO OHARE INTERNATIONAL AIRPORT IL US,0,0,0,21,13,12
2013-12-07,CHICAGO OHARE INTERNATIONAL AIRPORT IL US,0,0,0,21,8,12
2013-12-08,CHICAGO OHARE INTERNATIONAL AIRPORT IL US,0.24,0,3.1,.,15,12
2013-12-09,CHICAGO OHARE INTERNATIONAL AIRPORT IL US,0,3.1,0,25,0,12
2013-12-10,CHICAGO OHARE INTERNATIONAL AIRPORT IL US,0,3.1,0.2,21,-6,12
2013-12-11,CHICAGO OHARE INTERNATIONAL AIRPORT IL US,0.05,3.1,.,21,1,12
2013-12-12,CHICAGO OHARE INTERNATIONAL AIRPORT IL US,0,3.1,0,19,-3,12
2013-12-13,CHICAGO OHARE INTERNATIONAL AIRPORT IL US,0.01,2,.,32,13,12
2013-12-14,CHICAGO OHARE INTERNATIONAL AIRPORT IL US,0.23,3.1,4,.,22,12
2013-12-15,CHICAGO OHARE INTERNATIONAL AIRPORT IL US,0,5,0.2,22,10,12
2013-12-16,CHICAGO OHARE INTERNATIONAL AIRPORT IL US,0.05,5.1,0.7,21,7,12
2013-12-17,CHICAGO OHARE INTERNATIONAL AIRPORT IL US,0.01,3.9,0.2,33,.,12
2013-12-18,CHICAGO OHARE INTERNATIONAL AIRPORT IL US,0,3.9,0,35,15,12
2013-12-19,CHICAGO OHARE INTERNATIONAL AIRPORT IL US,0.06,3.1,0,39,33,12
2013-12-20,CHICAGO OHARE INTERNATIONAL AIRPORT IL US,0.31,1.2,0,36,33,12
2013-12-21,CHICAGO OHARE INTERNATIONAL AIRPORT IL US,0.24,1.2,0,35,30,12
2013-12-22,CHICAGO OHARE INTERNATIONAL AIRPORT IL US,0.2,0,0,34,24,12
2013-12-23,CHICAGO OHARE INTERNATIONAL AIRPORT IL US,0,0,0.1,26,-1,12
2013-12-24,CHICAGO OHARE INTERNATIONAL AIRPORT IL US,0.01,0,0.1,18,-2,12
2013-12-25,CHICAGO OHARE INTERNATIONAL AIRPORT IL US,.,0,1.2,27,18,12
2013-12-26,CHICAGO OHARE INTERNATIONAL AIRPORT IL US,0,1.2,0,34,14,12
2013-12-27,CHICAGO OHARE INTERNATIONAL AIRPORT IL US,0,0,0,41,21,12
2013-12-28,CHICAGO OHARE INTERNATIONAL AIRPORT IL US,0,0,0,50,33,12
2013-12-29,CHICAGO OHARE INTERNATIONAL AIRPORT IL US,0.01,0,0,40,11,12
2013-12-30,CHICAGO OHARE INTERNATIONAL AIRPORT IL US,0.04,0,0.5,13,.,12
2013-12-31,CHICAGO OHARE INTERNATIONAL AIRPORT IL US,0.3,1.2,3,12,2,12
2014-01-01,CHICAGO OHARE INTERNATIONAL AIRPORT IL US,0.25,3.1,2.1,22,10,1
2014-01-02,CHICAGO OHARE INTERNATIONAL AIRPORT IL US,0.22,5.9,5.8,21,-1,1
2014-01-03,CHICAGO OHARE INTERNATIONAL AIRPORT IL US,0,7.9,0,20,-12,1
2014-01-04,CHICAGO OHARE INTERNATIONAL AIRPORT IL US,0.26,7.1,3,31,19,1
2014-01-05,CHICAGO OHARE INTERNATIONAL AIRPORT IL US,0.59,9.1,8.7,29,-3,1
2014-01-06,CHICAGO OHARE INTERNATIONAL AIRPORT IL US,0,11,0,-2,-16,1
2014-01-07,CHICAGO OHARE INTERNATIONAL AIRPORT IL US,0,9.8,0,3,-12,1
2014-01-08,CHICAGO OHARE INTERNATIONAL AIRPORT IL US,.,9.8,0,17,-6,1
2014-01-09,CHICAGO OHARE INTERNATIONAL AIRPORT IL US,0.01,9.1,0.3,27,-4,1
2014-01-10,CHICAGO OHARE INTERNATIONAL AIRPORT IL US,0.8,9.1,0,40,27,1
2014-01-11,CHICAGO OHARE INTERNATIONAL AIRPORT IL US,0.06,2,0,40,31,1
2014-01-12,CHICAGO OHARE INTERNATIONAL AIRPORT IL US,0,1.2,0,44,.,1
2014-01-13,CHICAGO OHARE INTERNATIONAL AIRPORT IL US,0,0,0,45,27,1
2014-01-14,CHICAGO OHARE INTERNATIONAL AIRPORT IL US,0.01,0,0,35,22,1
2014-01-15,CHICAGO OHARE INTERNATIONAL AIRPORT IL US,0,0,0.1,22,15,1
2014-01-16,CHICAGO OHARE INTERNATIONAL AIRPORT IL US,0.01,0,0.3,34,19,1
2014-01-17,CHICAGO OHARE INTERNATIONAL AIRPORT IL US,0.04,0,.,.,12,1
2014-01-18,CHICAGO OHARE INTERNATIONAL AIRPORT IL US,0.12,1.2,2.4,21,7,1
2014-01-19,CHICAGO OHARE INTERNATIONAL AIRPORT IL US,0,3.1,0,37,10,1
2014-01-20,CHICAGO OHARE INTERNATIONAL AIRPORT IL US,0.18,1.2,3.4,35,13,1
2014-01-21,CHICAGO OHARE INTERNATIONAL AIRPORT IL US,.,5.9,2.5,13,0,1
2014-01-22,CHICAGO OHARE INTERNATIONAL AIRPORT IL US,0,5.1,.,15,0,1
2014-01-23,CHICAGO OHARE INTERNATIONAL AIRPORT IL US,0,5.1,0,10,.,1
2014-01-24,CHICAGO OHARE INTERNATIONAL AIRPORT IL US,0.02,3.9,0.4,28,-6,1
2014-01-25,CHICAGO OHARE INTERNATIONAL AIRPORT IL US,0,3.9,0,33,7,1
2014-01-26,CHICAGO OHARE INTERNATIONAL AIRPORT IL US,0.17,5.1,2.4,.,6,1
2014-01-27,CHICAGO OHARE INTERNATIONAL AIRPORT IL US,0,3.9,0,6,-7,1
2014-01-28,CHICAGO OHARE INTERNATIONAL AIRPORT IL US,0,3.1,0,3,-11,1
2014-01-29,CHICAGO OHARE INTERNATIONAL AIRPORT IL US,.,3.1,0,23,1,1
2014-01-30,CHICAGO OHARE INTERNATIONAL AIRPORT IL US,0,3.1,0.4,33,20,1
2014-01-31,CHICAGO OHARE INTERNATIONAL AIRPORT IL US,.,3.1,0.2,28,17,1
2014-02-01,CHICAGO OHARE INTERNATIONAL AIRPORT IL US,.,3.9,3.8,31,20,2
2014-02-02,CHICAGO OHARE INTERNATIONAL AIRPORT IL US,0,5.9,0,21,-1,2
2014-02-03,CHICAGO OHARE INTERNATIONAL AIRPORT IL US,0,5.9,0,21,.,2
2014-02-04,CHICAGO OHARE INTERNATIONAL AIRPORT IL US,0.08,5.9,1.3,24,7,2
2014-02-05,CHICAGO OHARE INTERNATIONAL AIRPORT IL US,0.35,9.8,5.7,25,9,2
2014-02-06,CHICAGO OHARE INTERNATIONAL AIRPORT IL US,0,11.8,0,14,-2,2
2014-02-07,CHICAGO OHARE INTERNATIONAL AIRPORT IL US,0,11,0,11,.,2
2014-02-08,CHICAGO OHARE INTERNATIONAL AIRPORT IL US,.,11,2.5,16,5,2
2014-02-09,CHICAGO OHARE INTERNATIONAL AIRPORT IL US,.,13,.,19,4,2
2014-02-10,CHICAGO OHARE INTERNATIONAL AIRPORT IL US,0,13,0,12,-3,2
2014-02-11,CHICAGO OHARE INTERNATIONAL AIRPORT IL US,0,11.8,0,14,-8,2
2014-02-12,CHICAGO OHARE INTERNATIONAL AIRPORT IL US,0,11.8,0,24,-5,2
2014-02-13,CHICAGO OHARE INTERNATIONAL AIRPORT IL US,0,11,0.1,32,10,2
2014-02-14,CHICAGO OHARE INTERNATIONAL AIRPORT IL US,0,9.1,0,22,12,2
2014-02-15,CHICAGO OHARE INTERNATIONAL AIRPORT IL US,0.04,9.1,0.7,24,3,2
2014-02-16,CHICAGO OHARE INTERNATIONAL AIRPORT IL US,0,9.8,0,29,17,2
2014-02-17,CHICAGO OHARE INTERNATIONAL AIRPORT IL US,0.35,9.1,5,28,23,2
2014-02-18,CHICAGO OHARE INTERNATIONAL AIRPORT IL US,.,14.2,.,.,16,2
2014-02-19,CHICAGO OHARE INTERNATIONAL AIRPORT IL US,0,7.1,.,.,30,2
2014-02-20,CHICAGO OHARE INTERNATIONAL AIRPORT IL US,1.16,5.9,0.1,.,34,2
2014-02-21,CHICAGO OHARE INTERNATIONAL AIRPORT IL US,0,3.9,.,.,26,2
2014-02-22,CHICAGO OHARE INTERNATIONAL AIRPORT IL US,0,3.1,0,35,.,2
2014-02-23,CHICAGO OHARE INTERNATIONAL AIRPORT IL US,0,3.1,0,28,15,2
2014-02-24,CHICAGO OHARE INTERNATIONAL AIRPORT IL US,0,2,0,.,12,2
2014-02-25,CHICAGO OHARE INTERNATIONAL AIRPORT IL US,0,2,0,22,6,2
2014-02-26,CHICAGO OHARE INTERNATIONAL AIRPORT IL US,0,2,0,18,1,2
2014-02-27,CHICAGO OHARE INTERNATIONAL AIRPORT IL US,0,2,0,18,4,2
2014-02-28,CHICAGO OHARE INTERNATIONAL AIRPORT IL US,0,2,0,.,3,2
2014-03-01,CHICAGO OHARE INTERNATIONAL AIRPORT IL US,0.29,3.1,3.7,31,11,3
2014-03-02,CHICAGO OHARE INTERNATIONAL AIRPORT IL US,0.09,5.9,1.4,14,1,3
2014-03-03,CHICAGO OHARE INTERNATIONAL AIRPORT IL US,0,5.9,0,19,-2,3
2014-03-04,CHICAGO OHARE INTERNATIONAL AIRPORT IL US,0,5.1,0.1,27,12,3
2014-03-05,CHICAGO OHARE INTERNATIONAL AIRPORT IL US,0.15,5.1,1.7,23,19,3
2014-03-06,CHICAGO OHARE INTERNATIONAL AIRPORT IL US,0,5.9,0,33,16,3
2014-03-07,CHICAGO OHARE INTERNATIONAL AIRPORT IL US,0,5.1,0,.,13,3
2014-03-08,CHICAGO OHARE INTERNATIONAL AIRPORT IL US,0.02,2,0.3,38,21,3
2014-03-09,CHICAGO OHARE INTERNATIONAL AIRPORT IL US,0,2,0,42,19,3
2014-03-10,CHICAGO OHARE INTERNATIONAL AIRPORT IL US,0,1.2,0,53,40,3
2014-03-11,CHICAGO OHARE INTERNATIONAL AIRPORT IL US,0.14,0,0.4,50,34,3
2014-03-12,CHICAGO OHARE INTERNATIONAL AIRPORT IL US,.,3.1,3.2,34,14,3
2014-03-13,CHICAGO OHARE INTERNATIONAL AIRPORT IL US,0,3.1,0,39,11,3
2014-03-14,CHICAGO OHARE INTERNATIONAL AIRPORT IL US,0,2,.,53,37,3
2014-03-15,CHICAGO OHARE INTERNATIONAL AIRPORT IL US,0,0,0.2,40,27,3
2014-03-16,CHICAGO OHARE INTERNATIONAL AIRPORT IL US,0,0,0,27,19,3
2014-03-17,CHICAGO OHARE INTERNATIONAL AIRPORT IL US,0,0,0,40,20,3
2014-03-18,CHICAGO OHARE INTERNATIONAL AIRPORT IL US,0,0,0,52,27,3
2014-03-19,CHICAGO OHARE INTERNATIONAL AIRPORT IL US,0.19,0,0,46,34,3
2014-03-20,CHICAGO OHARE INTERNATIONAL AIRPORT IL US,.,0,0.7,47,30,3
2014-03-21,CHICAGO OHARE INTERNATIONAL AIRPORT IL US,0,0,0,58,30,3
2014-03-22,CHICAGO OHARE INTERNATIONAL AIRPORT IL US,0,0,0,41,26,3
2014-03-23,CHICAGO OHARE INTERNATIONAL AIRPORT IL US,0,0,0,.,19,3
2014-03-24,CHICAGO OHARE INTERNATIONAL AIRPORT IL US,0,0,0,36,20,3
2014-03-25,CHICAGO OHARE INTERNATIONAL AIRPORT IL US,0.05,1.2,0.6,31,20,3
2014-03-26,CHICAGO OHARE INTERNATIONAL AIRPORT IL US,0,0,0,39,15,3
2014-03-27,CHICAGO OHARE INTERNATIONAL AIRPORT IL US,0.2,0,.,55,34,3
2014-03-28,CHICAGO OHARE INTERNATIONAL AIRPORT IL US,.,0,.,55,34,3
2014-03-29,CHICAGO OHARE INTERNATIONAL AIRPORT IL US,.,0,0,41,28,3
2014-03-30,CHICAGO OHARE INTERNATIONAL AIRPORT IL US,0,0,0,57,.,3
2014-03-31,CHICAGO OHARE INTERNATIONAL AIRPORT IL US,.,0,.,68,41,3
2014-04-01,CHICAGO OHARE INTERNATIONAL AIRPORT IL US,0,0,0,57,32,4
2014-04-02,CHICAGO OHARE INTERNATIONAL AIRPORT IL US,0,0,0,45,34,4
2014-04-03,CHICAGO OHARE INTERNATIONAL AIRPORT IL US,0.53,0,0,43,.,4
2014-04-04,CHICAGO OHARE INTERNATIONAL AIRPORT IL US,0,0,0,48,34,4
2014-04-05,CHICAGO OHARE INTERNATIONAL AIRPORT IL US,0,0,.,51,31,4
2014-04-06,CHICAGO OHARE INTERNATIONAL AIRPORT IL US,0,0,0,57,31,4
2014-04-07,CHICAGO OHARE INTERNATIONAL AIRPORT IL US,0,0,0,54,36,4
2014-04-08,CHICAGO OHARE INTERNATIONAL AIRPORT IL US,0.02,0,0,60,40,4
2014-04-09,CHICAGO OHARE INTERNATIONAL AIRPORT IL US,0,0,0,62,33,4
2014-04-10,CHICAGO OHARE INTERNATIONAL AIRPORT IL US,0,0,0,66,41,4
2014-04-11,CHICAGO OHARE INTERNATIONAL AIRPORT IL US,0,0,0,70,.,4
2014-04-12,CHICAGO OHARE INTERNATIONAL AIRPORT IL US,0,0,0,80,44,4
2014-04-13,CHICAGO OHARE INTERNATIONAL AIRPORT IL US,0.43,0,.,69,42,4
2014-04-14,CHICAGO OHARE INTERNATIONAL AIRPORT IL US,0.3,0,1.4,63,30,4
2014-04-15,CHICAGO OHARE INTERNATIONAL AIRPORT IL US,0,1.2,0,38,26,4
2014-04-16,CHICAGO OHARE INTERNATIONAL AIRPORT IL US,0,0,0,52,26,4
2014-04-17,CHICAGO OHARE INTERNATIONAL AIRPORT IL US,.,0,0,.,40,4
2014-04-18,CHICAGO OHARE INTERNATIONAL AIRPORT IL US,0,0,0,.,38,4
2014-04-19,CHICAGO OHARE INTERNATIONAL AIRPORT IL US,0,0,0,.,.,4
2014-04-20,CHICAGO OHARE INTERNATIONAL AIRPORT IL US,0,0,0,.,41,4
2014-04-21,CHICAGO OHARE INTERNATIONAL AIRPORT IL US,0,0,0,74,58,4
2014-04-22,CHICAGO OHARE INTERNATIONAL AIRPORT IL US,0,0,0,61,36,4
2014-04-23,CHICAGO OHARE INTERNATIONAL AIRPORT IL US,0.02,0,0,51,33,4
2014-04-24,CHICAGO OHARE INTERNATIONAL AIRPORT IL US,0.06,0,.,64,39,4
2014-04-25,CHICAGO OHARE INTERNATIONAL AIRPORT IL US,0.22,0,0,70,45,4
2014-04-26,CHICAGO OHARE INTERNATIONAL AIRPORT IL US,0,0,0,57,40,4
2014-04-27,CHICAGO OHARE INTERNATIONAL AIRPORT IL US,0.03,0,0,60,.,4
2014-04-28,CHICAGO OHARE INTERNATIONAL AIRPORT IL US,.,0,0,55,45,4
2014-04-29,CHICAGO OHARE INTERNATIONAL AIRPORT IL US,.,0,0,59,.,4
2014-04-30,CHICAGO OHARE INTERNATIONAL AIRPORT IL US,0.01,0,.,.,.,4
2014-05-01,CHICAGO OHARE INTERNATIONAL AIRPORT IL US,.,0,0,49,42,5
2014-05-02,CHICAGO OHARE INTERNATIONAL AIRPORT IL US,0,0,0,.,46,5
2014-05-03,CHICAGO OHARE INTERNATIONAL AIRPORT IL US,0,0,0,67,46,5
2014-05-04,CHICAGO OHARE INTERNATIONAL AIRPORT IL US,0,0,.,58,44,5
2014-05-05,CHICAGO OHARE INTERNATIONAL AIRPORT IL US,.,0,0,.,43,5
2014-05-06,CHICAGO OHARE INTERNATIONAL AIRPORT IL US,0,0,0,63,41,5
2014-05-07,CHICAGO OHARE INTERNATIONAL AIRPORT IL US,0,0,0,78,.,5
2014-05-08,CHICAGO OHARE INTERNATIONAL AIRPORT IL US,0.1,0,0,89,51,5
2014-05-09,CHICAGO OHARE INTERNATIONAL AIRPORT IL US,1.03,0,0,73,.,5
2014-05-10,CHICAGO OHARE INTERNATIONAL AIRPORT IL US,0,0,0,77,.,5
2014-05-11,CHICAGO OHARE INTERNATIONAL AIRPORT IL US,.,0,0,81,52,5
2014-05-12,CHICAGO OHARE INTERNATIONAL AIRPORT IL US,2.09,0,0,84,64,5
2014-05-13,CHICAGO OHARE INTERNATIONAL AIRPORT IL US,0.12,0,.,67,52,5
2014-05-14,CHICAGO OHARE INTERNATIONAL AIRPORT IL US,0.02,0,0,56,.,5
2014-05-15,CHICAGO OHARE INTERNATIONAL AIRPORT IL US,0.19,0,.,55,40,5
2014-05-16,CHICAGO OHARE INTERNATIONAL AIRPORT IL US,0.1,0,0,.,37,5
2014-05-17,CHICAGO OHARE INTERNATIONAL AIRPORT IL US,0,0,.,60,39,5
2014-05-18,CHICAGO OHARE INTERNATIONAL AIRPORT IL US,0,0,0,69,.,5
2014-05-19,CHICAGO OHARE INTERNATIONAL AIRPORT IL US,0,0,0,69,45,5
2014-05-20,CHICAGO OHARE INTERNATIONAL AIRPORT IL US,0.82,0,0,85,.,5
2014-05-21,CHICAGO OHARE INTERNATIONAL AIRPORT IL US,.,0,0,86,.,5
2014-05-22,CHICAGO OHARE INTERNATIONAL AIRPORT IL US,0,0,0,70,53,5
2014-05-23,CHICAGO OHARE INTERNATIONAL AIRPORT IL US,0,0,0,69,48,5
2014-05-24,CHICAGO OHARE INTERNATIONAL AIRPORT IL US,0,0,0,74,47,5
2014-05-25,CHICAGO OHARE INTERNATIONAL AIRPORT IL US,.,0,0,83,50,5
2014-05-26,CHICAGO OHARE INTERNATIONAL AIRPORT IL US,0,0,0,87,61,5
2014-05-27,CHICAGO OHARE INTERNATIONAL AIRPORT IL US,0.21,0,0,85,58,5
2014-05-28,CHICAGO OHARE INTERNATIONAL AIRPORT IL US,0.03,0,0,71,56,5
2014-05-29,CHICAGO OHARE INTERNATIONAL AIRPORT IL US,0,0,0,76,54,5
2014-05-30,CHICAGO OHARE INTERNATIONAL AIRPORT IL US,0,0,0,79,53,5
2014-05-31,CHICAGO OHARE INTERNATIONAL AIRPORT IL US,0,0,0,88,54,5
2014-06-01,CHICAGO OHARE INTERNATIONAL AIRPORT IL US,0,0,.,90,63,6
2014-06-02,CHICAGO OHARE INTERNATIONAL AIRPORT IL US,0.14,0,0,83,68,6
2014-06-03,CHICAGO OHARE INTERNATIONAL AIRPORT IL US,0,0,0,81,66,6
2014-06-04,CHICAGO OHARE INTERNATIONAL AIRPORT IL US,0.19,0,0,.,55,6
2014-06-05,CHICAGO OHARE INTERNATIONAL AIRPORT IL US,0,0,0,76,.,6
2014-06-06,CHICAGO OHARE INTERNATIONAL AIRPORT IL US,0,0,0,81,49,6
2014-06-07,CHICAGO OHARE INTERNATIONAL AIRPORT IL US,0.08,0,0,84,57,6
2014-06-08,CHICAGO OHARE INTERNATIONAL AIRPORT IL US,0.23,0,0,72,.,6
2014-06-09,CHICAGO OHARE INTERNATIONAL AIRPORT IL US,0,0,0,78,55,6
2014-06-10,CHICAGO OHARE INTERNATIONAL AIRPORT IL US,1.26,0,0,66,56,6
2014-06-11,CHICAGO OHARE INTERNATIONAL AIRPORT IL US,.,0,0,.,57,6
2014-06-12,CHICAGO OHARE INTERNATIONAL AIRPORT IL US,0,0,.,79,58,6
2014-06-13,CHICAGO OHARE INTERNATIONAL AIRPORT IL US,0,0,0,75,55,6
2014-06-14,CHICAGO OHARE INTERNATIONAL AIRPORT IL US,0,0,0,79,52,6
2014-06-15,CHICAGO OHARE INTERNATIONAL AIRPORT IL US,0,0,0,84,60,6
2014-06-16,CHICAGO OHARE INTERNATIONAL AIRPORT IL US,0,0,.,88,67,6
2014-06-17,CHICAGO OHARE INTERNATIONAL AIRPORT IL US,0,0,.,91,77,6
2014-06-18,CHICAGO OHARE INTERNATIONAL AIRPORT IL US,0.65,0,0,82,61,6
2014-06-19,CHICAGO OHARE INTERNATIONAL AIRPORT IL US,0.32,0,0,.,59,6
2014-06-20,CHICAGO OHARE INTERNATIONAL AIRPORT IL US,0.01,0,0,85,63,6
2014-06-21,CHICAGO OHARE INTERNATIONAL AIRPORT IL US,1.28,0,0,84,60,6
2014-06-22,CHICAGO OHARE INTERNATIONAL AIRPORT IL US,0,0,0,82,63,6
2014-06-23,CHICAGO OHARE INTERNATIONAL AIRPORT IL US,0.05,0,0,81,66,6
2014-06-24,CHICAGO OHARE INTERNATIONAL AIRPORT IL US,0.41,0,0,87,70,6
2014-06-25,CHICAGO OHARE INTERNATIONAL AIRPORT IL US,0,0,0,80,59,6
2014-06-26,CHICAGO OHARE INTERNATIONAL AIRPORT IL US,0,0,0,78,59,6
2014-06-27,CHICAGO OHARE INTERNATIONAL AIRPORT IL US,.,0,0,88,59,6
2014-06-28,CHICAGO OHARE INTERNATIONAL AIRPORT IL US,0,0,0,.,71,6
2014-06-29,CHICAGO OHARE INTERNATIONAL AIRPORT IL US,0.07,0,0,85,69,6
2014-06-30,CHICAGO OHARE INTERNATIONAL AIRPORT IL US,2.6,0,0,87,67,6
2014-07-01,CHICAGO OHARE INTERNATIONAL AIRPORT IL US,0,0,0,80,67,7
2014-07-02,CHICAGO OHARE INTERNATIONAL AIRPORT IL US,0.12,0,0,70,56,7
2014-07-03,CHICAGO OHARE INTERNATIONAL AIRPORT IL US,0.07,0,0,76,56,7
2014-07-04,CHICAGO OHARE INTERNATIONAL AIRPORT IL US,0,0,0,79,58,7
2014-07-05,CHICAGO OHARE INTERNATIONAL AIRPORT IL US,.,0,0,77,60,7
2014-07-06,CHICAGO OHARE INTERNATIONAL AIRPORT IL US,0,0,0,87,63,7
2014-07-07,CHICAGO OHARE INTERNATIONAL AIRPORT IL US,0.63,0,0,88,.,7
2014-07-08,CHICAGO OHARE INTERNATIONAL AIRPORT IL US,0.54,0,0,81,66,7
2014-07-09,CHICAGO OHARE INTERNATIONAL AIRPORT IL US,0,0,0,80,.,7
2014-07-10,CHICAGO OHARE INTERNATIONAL AIRPORT IL US,.,0,0,79,60,7
2014-07-11,CHICAGO OHARE INTERNATIONAL AIRPORT IL US,0.01,0,0,81,60,7
2014-07-12,CHICAGO OHARE INTERNATIONAL AIRPORT IL US,0.47,0,0,80,70,7
2014-07-13,CHICAGO OHARE INTERNATIONAL AIRPORT IL US,0.01,0,0,85,.,7
2014-07-14,CHICAGO OHARE INTERNATIONAL AIRPORT IL US,0.2,0,0,80,.,7
2014-07-15,CHICAGO OHARE INTERNATIONAL AIRPORT IL US,0.05,0,0,70,55,7
2014-07-16,CHICAGO OHARE INTERNATIONAL AIRPORT IL US,.,0,0,72,55,7
2014-07-17,CHICAGO OHARE INTERNATIONAL AIRPORT IL US,0,0,0,78,54,7
2014-07-18,CHICAGO OHARE INTERNATIONAL AIRPORT IL US,0,0,0,79,.,7
2014-07-19,CHICAGO OHARE INTERNATIONAL AIRPORT IL US,0,0,0,80,57,7
2014-07-20,CHICAGO OHARE INTERNATIONAL AIRPORT IL US,0,0,.,82,.,7
2014-07-21,CHICAGO OHARE INTERNATIONAL AIRPORT IL US,0,0,.,86,63,7
2014-07-22,CHICAGO OHARE INTERNATIONAL AIRPORT IL US,0.01,0,0,90,69,7
2014-07-23,CHICAGO OHARE INTERNATIONAL AIRPORT IL US,0,0,0,75,59,7
2014-07-24,CHICAGO OHARE INTERNATIONAL AIRPORT IL US,0,0,0,75,57,7
2014-07-25,CHICAGO OHARE INTERNATIONAL AIRPORT IL US,0,0,.,75,55,7
2014-07-26,CHICAGO OHARE INTERNATIONAL AIRPORT IL US,0,0,0,84,68,7
2014-07-27,CHICAGO OHARE INTERNATIONAL AIRPORT IL US,0.02,0,.,87,65,7
2014-07-28,CHICAGO OHARE INTERNATIONAL AIRPORT IL US,0,0,0,73,59,7
2014-07-29,CHICAGO OHARE INTERNATIONAL AIRPORT IL US,0.01,0,.,81,58,7
2014-07-30,CHICAGO OHARE INTERNATIONAL AIRPORT IL US,0,0,0,79,59,7
2014-07-31,CHICAGO OHARE INTERNATIONAL AIRPORT IL US,0,0,0,.,59,7
2014-08-01,CHICAGO OHARE INTERNATIONAL AIRPORT IL US,0.15,0,0,85,62,8
2014-08-02,CHICAGO OHARE INTERNATIONAL AIRPORT IL US,0,0,0,86,59,8
2014-08-03,CHICAGO OHARE INTERNATIONAL AIRPORT IL US,0,0,0,87,62,8
2014-08-04,CHICAGO OHARE INTERNATIONAL AIRPORT IL US,2.76,0,0,.,.,8
2014-08-05,CHICAGO OHARE INTERNATIONAL AIRPORT IL US,0,0,0,80,64,8
2014-08-06,CHICAGO OHARE INTERNATIONAL AIRPORT IL US,0,0,0,80,62,8
2014-08-07,CHICAGO OHARE INTERNATIONAL AIRPORT IL US,0,0,0,81,61,8
2014-08-08,CHICAGO OHARE INTERNATIONAL AIRPORT IL US,0,0,0,82,66,8
2014-08-09,CHICAGO OHARE INTERNATIONAL AIRPORT IL US,0,0,0,80,66,8
2014-08-10,CHICAGO OHARE INTERNATIONAL AIRPORT IL US,0,0,0,81,69,8
2014-08-11,CHICAGO OHARE INTERNATIONAL AIRPORT IL US,0.85,0,0,82,67,8
2014-08-12,CHICAGO OHARE INTERNATIONAL AIRPORT IL US,0.07,0,0,70,61,8
2014-08-13,CHICAGO OHARE INTERNATIONAL AIRPORT IL US,0,0,0,.,57,8
2014-08-14,CHICAGO OHARE INTERNATIONAL AIRPORT IL US,0,0,0,72,57,8
2014-08-15,CHICAGO OHARE INTERNATIONAL AIRPORT IL US,0,0,0,78,52,8
2014-08-16,CHICAGO OHARE INTERNATIONAL AIRPORT IL US,0,0,0,82,62,8
2014-08-17,CHICAGO OHARE INTERNATIONAL AIRPORT IL US,0,0,.,71,64,8
2014-08-18,CHICAGO OHARE INTERNATIONAL AIRPORT IL US,0,0,0,83,65,8
2014-08-19,CHICAGO OHARE INTERNATIONAL AIRPORT IL US,0.09,0,0,86,.,8
2014-08-20,CHICAGO OHARE INTERNATIONAL AIRPORT IL US,0,0,0,86,.,8
2014-08-21,CHICAGO OHARE INTERNATIONAL AIRPORT IL US,0.98,0,0,79,70,8
2014-08-22,CHICAGO OHARE INTERNATIONAL AIRPORT IL US,1.58,0,0,86,72,8
2014-08-23,CHICAGO OHARE INTERNATIONAL AIRPORT IL US,0.34,0,0,86,68,8
2014-08-24,CHICAGO OHARE INTERNATIONAL AIRPORT IL US,0,0,0,88,70,8
2014-08-25,CHICAGO OHARE INTERNATIONAL AIRPORT IL US,0.01,0,0,88,.,8
2014-08-26,CHICAGO OHARE INTERNATIONAL AIRPORT IL US,0.12,0,.,85,.,8
2014-08-27,CHICAGO OHARE INTERNATIONAL AIRPORT IL US,0,0,0,82,67,8
2014-08-28,CHICAGO OHARE INTERNATIONAL AIRPORT IL US,0,0,0,77,67,8
2014-08-29,CHICAGO OHARE INTERNATIONAL AIRPORT IL US,0.08,0,0,86,71,8
2014-08-30,CHICAGO OHARE INTERNATIONAL AIRPORT IL US,0.27,0,0,83,70,8
2014-08-31,CHICAGO OHARE INTERNATIONAL AIRPORT IL US,0,0,0,85,68,8
2014-09-01,CHICAGO OHARE INTERNATIONAL AIRPORT IL US,0.36,0,0,83,70,9
2014-09-02,CHICAGO OHARE INTERNATIONAL AIRPORT IL US,0.01,0,.,82,.,9
2014-09-03,CHICAGO OHARE INTERNATIONAL AIRPORT IL US,0,0,0,83,.,9
2014-09-04,CHICAGO OHARE INTERNATIONAL AIRPORT IL US,0.26,0,0,.,71,9
2014-09-05,CHICAGO OHARE INTERNATIONAL AIRPORT IL US,0.5,0,0,.,64,9
2014-09-06,CHICAGO OHARE INTERNATIONAL AIRPORT IL US,.,0,0,75,60,9
2014-09-07,CHICAGO OHARE INTERNATIONAL AIRPORT IL US,0,0,0,.,54,9
2014-09-08,CHICAGO OHARE INTERNATIONAL AIRPORT IL US,0,0,0,77,55,9
2014-09-09,CHICAGO OHARE INTERNATIONAL AIRPORT IL US,0.01,0,0,79,63,9
2014-09-10,CHICAGO OHARE INTERNATIONAL AIRPORT IL US,1.31,0,0,80,.,9
2014-09-11,CHICAGO OHARE INTERNATIONAL AIRPORT IL US,0,0,0,56,50,9
2014-09-12,CHICAGO OHARE INTERNATIONAL AIRPORT IL US,.,0,.,55,.,9
2014-09-13,CHICAGO OHARE INTERNATIONAL AIRPORT IL US,0,0,0,59,41,9
2014-09-14,CHICAGO OHARE INTERNATIONAL AIRPORT IL US,0,0,0,65,42,9
2014-09-15,CHICAGO OHARE INTERNATIONAL AIRPORT IL US,0,0,0,62,51,9
2014-09-16,CHICAGO OHARE INTERNATIONAL AIRPORT IL US,0,0,.,68,44,9
2014-09-17,CHICAGO OHARE INTERNATIONAL AIRPORT IL US,0,0,0,70,48,9
2014-09-18,CHICAGO OHARE INTERNATIONAL AIRPORT IL US,0,0,0,70,53,9
2014-09-19,CHICAGO OHARE INTERNATIONAL AIRPORT IL US,0,0,0,78,53,9
2014-09-20,CHICAGO OHARE INTERNATIONAL AIRPORT IL US,.,0,.,77,63,9
2014-09-21,CHICAGO OHARE INTERNATIONAL AIRPORT IL US,0,0,0,69,.,9
2014-09-22,CHICAGO OHARE INTERNATIONAL AIRPORT IL US,0,0,0,67,46,9
2014-09-23,CHICAGO OHARE INTERNATIONAL AIRPORT IL US,0,0,0,74,51,9
2014-09-24,CHICAGO OHARE INTERNATIONAL AIRPORT IL US,0,0,0,77,54,9
2014-09-25,CHICAGO OHARE INTERNATIONAL AIRPORT IL US,0,0,0,74,56,9
2014-09-26,CHICAGO OHARE INTERNATIONAL AIRPORT IL US,.,0,0,79,51,9
2014-09-27,CHICAGO OHARE INTERNATIONAL AIRPORT IL US,0,0,0,79,54,9
2014-09-28,CHICAGO OHARE INTERNATIONAL AIRPORT IL US,0,0,0,78,53,9
2014-09-29,CHICAGO OHARE INTERNATIONAL AIRPORT IL US,0.01,0,0,83,53,9
2014-09-30,CHICAGO OHARE INTERNATIONAL AIRPORT IL US,0,0,0,58,.,9
2014-10-01,CHICAGO OHARE INTERNATIONAL AIRPORT IL US,0,0,0,70,49,10
2014-10-02,CHICAGO OHARE INTERNATIONAL AIRPORT IL US,0.32,0,0,72,63,10
2014-10-03,CHICAGO OHARE INTERNATIONAL AIRPORT IL US,0.68,0,0,65,43,10
2014-10-04,CHICAGO OHARE INTERNATIONAL AIRPORT IL US,0.06,0,0,.,35,10
2014-10-05,CHICAGO OHARE INTERNATIONAL AIRPORT IL US,0.01,0,0,55,37,10
2014-10-06,CHICAGO OHARE INTERNATIONAL AIRPORT IL US,0.01,0,0,61,42,10
2014-10-07,CHICAGO OHARE INTERNATIONAL AIRPORT IL US,0,0,0,.,48,10
2014-10-08,CHICAGO OHARE INTERNATIONAL AIRPORT IL US,0,0,0,65,44,10
2014-10-09,CHICAGO OHARE INTERNATIONAL AIRPORT IL US,0,0,0,62,43,10
2014-10-10,CHICAGO OHARE INTERNATIONAL AIRPORT IL US,.,0,0,58,39,10
2014-10-11,CHICAGO OHARE INTERNATIONAL AIRPORT IL US,.,0,0,59,36,10
2014-10-12,CHICAGO OHARE INTERNATIONAL AIRPORT IL US,0.01,0,0,63,38,10
2014-10-13,CHICAGO OHARE INTERNATIONAL AIRPORT IL US,0.64,0,0,67,56,10
2014-10-14,CHICAGO OHARE INTERNATIONAL AIRPORT IL US,0.65,0,0,65,52,10
2014-10-15,CHICAGO OHARE INTERNATIONAL AIRPORT IL US,0.05,0,0,55,50,10
2014-10-16,CHICAGO OHARE INTERNATIONAL AIRPORT IL US,0,0,0,56,50,10
2014-10-17,CHICAGO OHARE INTERNATIONAL AIRPORT IL US,0,0,0,62,48,10
2014-10-18,CHICAGO OHARE INTERNATIONAL AIRPORT IL US,0.01,0,0,50,36,10
2014-10-19,CHICAGO OHARE INTERNATIONAL AIRPORT IL US,.,0,0,54,33,10
2014-10-20,CHICAGO OHARE INTERNATIONAL AIRPORT IL US,0.01,0,0,65,.,10
2014-10-21,CHICAGO OHARE INTERNATIONAL AIRPORT IL US,0,0,0,53,45,10
2014-10-22,CHICAGO OHARE INTERNATIONAL AIRPORT IL US,0,0,0,56,35,10
2014-10-23,CHICAGO OHARE INTERNATIONAL AIRPORT IL US,0,0,0,59,36,10
2014-10-24,CHICAGO OHARE INTERNATIONAL AIRPORT IL US,.,0,0,67,52,10
2014-10-25,CHICAGO OHARE INTERNATIONAL AIRPORT IL US,0,0,.,72,49,10
2014-10-26,CHICAGO OHARE INTERNATIONAL AIRPORT IL US,0,0,0,64,.,10
2014-10-27,CHICAGO OHARE INTERNATIONAL AIRPORT IL US,0,0,0,77,.,10
2014-10-28,CHICAGO OHARE INTERNATIONAL AIRPORT IL US,0,0,0,68,45,10
2014-10-29,CHICAGO OHARE INTERNATIONAL AIRPORT IL US,0,0,0,49,36,10
2014-10-30,CHICAGO OHARE INTERNATIONAL AIRPORT IL US,0,0,0,51,32,10
2014-10-31,CHICAGO OHARE INTERNATIONAL AIRPORT IL US,0.03,0,0.1,47,33,10
2014-11-01,CHICAGO OHARE INTERNATIONAL AIRPORT IL US,0,0,0,43,29,11
2014-11-02,CHICAGO OHARE INTERNATIONAL AIRPORT IL US,0,0,0,51,25,11
2014-11-03,CHICAGO OHARE INTERNATIONAL AIRPORT IL US,0,0,0,62,43,11
2014-11-04,CHICAGO OHARE INTERNATIONAL AIRPORT IL US,0,0,0,60,.,11
2014-11-05,CHICAGO OHARE INTERNATIONAL AIRPORT IL US,0,0,.,60,34,11
2014-11-06,CHICAGO OHARE INTERNATIONAL AIRPORT IL US,0,0,0,51,38,11
2014-11-07,CHICAGO OHARE INTERNATIONAL AIRPORT IL US,0,0,0,43,29,11
2014-11-08,CHICAGO OHARE INTERNATIONAL AIRPORT IL US,0.01,0,0,.,36,11
2014-11-09,CHICAGO OHARE INTERNATIONAL AIRPORT IL US,0,0,0,52,35,11
2014-11-10,CHICAGO OHARE INTERNATIONAL AIRPORT IL US,0,0,0,62,41,11
2014-11-11,CHICAGO OHARE INTERNATIONAL AIRPORT IL US,0.21,0,0,58,31,11
2014-11-12,CHICAGO OHARE INTERNATIONAL AIRPORT IL US,0,0,0,31,24,11
2014-11-13,CHICAGO OHARE INTERNATIONAL AIRPORT IL US,0,0,0,29,.,11
2014-11-14,CHICAGO OHARE INTERNATIONAL AIRPORT IL US,0,0,0,27,21,11
2014-11-15,CHICAGO OHARE INTERNATIONAL AIRPORT IL US,0.04,0,.,31,17,11
2014-11-16,CHICAGO OHARE INTERNATIONAL AIRPORT IL US,0.01,0,0.2,31,.,11
2014-11-17,CHICAGO OHARE INTERNATIONAL AIRPORT IL US,0,0,0.3,21,11,11
2014-11-18,CHICAGO OHARE INTERNATIONAL AIRPORT IL US,0,0,0,.,.,11
2014-11-19,CHICAGO OHARE INTERNATIONAL AIRPORT IL US,0,0,0,32,17,11
2014-11-20,CHICAGO OHARE INTERNATIONAL AIRPORT IL US,0,0,0,.,14,11
2014-11-21,CHICAGO OHARE INTERNATIONAL AIRPORT IL US,0,0,0,35,7,11
2014-11-22,CHICAGO OHARE INTERNATIONAL AIRPORT IL US,0.07,0,.,52,33,11
2014-11-23,CHICAGO OHARE INTERNATIONAL AIRPORT IL US,0.63,0,0,.,48,11
2014-11-24,CHICAGO OHARE INTERNATIONAL AIRPORT IL US,0.43,0,0.7,49,24,11
2014-11-25,CHICAGO OHARE INTERNATIONAL AIRPORT IL US,.,0,0.2,26,18,11
2014-11-26,CHICAGO OHARE INTERNATIONAL AIRPORT IL US,0,0,0,.,17,11
2014-11-27,CHICAGO OHARE INTERNATIONAL AIRPORT IL US,0,0,0,.,15,11
2014-11-28,CHICAGO OHARE INTERNATIONAL AIRPORT IL US,0,0,0,34,18,11
2014-11-29,CHICAGO OHARE INTERNATIONAL AIRPORT IL US,0,0,0,.,29,11
2014-11-30,CHICAGO OHARE INTERNATIONAL AIRPORT IL US,0,0,.,50,24,11
2014-12-01,CHICAGO OHARE INTERNATIONAL AIRPORT IL US,0,0,0,25,18,12
2014-12-02,CHICAGO OHARE INTERNATIONAL AIRPORT IL US,0,0,.,.,18,12
2014-12-03,CHICAGO OHARE INTERNATIONAL AIRPORT IL US,0,0,0,37,24,12
2014-12-04,CHICAGO OHARE INTERNATIONAL AIRPORT IL US,0,0,0,35,23,12
2014-12-05,CHICAGO OHARE INTERNATIONAL AIRPORT IL US,0,0,0,40,32,12
2014-12-06,CHICAGO OHARE INTERNATIONAL AIRPORT IL US,0,0,0,40,26,12
2014-12-07,CHICAGO OHARE INTERNATIONAL AIRPORT IL US,0,0,0,36,26,12
2014-12-08,CHICAGO OHARE INTERNATIONAL AIRPORT IL US,0.2,0,0,37,32,12
2014-12-09,CHICAGO OHARE INTERNATIONAL AIRPORT IL US,0,0,0,38,31,12
2014-12-10,CHICAGO OHARE INTERNATIONAL AIRPORT IL US,0,0,0,33,28,12
2014-12-11,CHICAGO OHARE INTERNATIONAL AIRPORT IL US,0,0,0,32,23,12
2014-12-12,CHICAGO OHARE INTERNATIONAL AIRPORT IL US,0,0,0,37,23,12
2014-12-13,CHICAGO OHARE INTERNATIONAL AIRPORT IL US,0,0,.,47,.,12
2014-12-14,CHICAGO OHARE INTERNATIONAL AIRPORT IL US,0,0,0,50,45,12
2014-12-15,CHICAGO OHARE INTERNATIONAL AIRPORT IL US,0.06,0,.,46,42,12
2014-12-16,CHICAGO OHARE INTERNATIONAL AIRPORT IL US,.,0,0,45,29,12
2014-12-17,CHICAGO OHARE INTERNATIONAL AIRPORT IL US,0,0,0,.,24,12
2014-12-18,CHICAGO OHARE INTERNATIONAL AIRPORT IL US,0,0,0,28,19,12
2014-12-19,CHICAGO OHARE INTERNATIONAL AIRPORT IL US,0,0,0,32,27,12
2014-12-20,CHICAGO OHARE INTERNATIONAL AIRPORT IL US,0,0,0,33,.,12
2014-12-21,CHICAGO OHARE INTERNATIONAL AIRPORT IL US,0,0,0,36,31,12
2014-12-22,CHICAGO OHARE INTERNATIONAL AIRPORT IL US,0.32,0,0,41,28,12
2014-12-23,CHICAGO OHARE INTERNATIONAL AIRPORT IL US,.,0,.,48,38,12
2014-12-24,CHICAGO OHARE INTERNATIONAL AIRPORT IL US,0,0,0,40,36,12
2014-12-25,CHICAGO OHARE INTERNATIONAL AIRPORT IL US,0,0,0,42,.,12
2014-12-26,CHICAGO OHARE INTERNATIONAL AIRPORT IL US,0,0,.,50,36,12
2014-12-27,CHICAGO OHARE INTERNATIONAL AIRPORT IL US,0,0,0,49,31,12
2014-12-28,CHICAGO OHARE INTERNATIONAL AIRPORT IL US,0,0,0,35,22,12
2014-12-29,CHICAGO OHARE INTERNATIONAL AIRPORT IL US,0,0,0,30,.,12
2014-12-30,CHICAGO OHARE INTERNATIONAL AIRPORT IL US,0,0,0,20,9,12
2014-12-31,CHICAGO OHARE INTERNATIONAL AIRPORT IL US,.,0,.,18,4,12
2015-01-01,CHICAGO OHARE INTERNATIONAL AIRPORT IL US,0,0,.,32,14,1
2015-01-02,CHICAGO OHARE INTERNATIONAL AIRPORT IL US,0,0,.,34,15,1
2015-01-03,CHICAGO OHARE INTERNATIONAL AIRPORT IL US,0.57,0,.,34,29,1
2015-01-04,CHICAGO OHARE INTERNATIONAL AIRPORT IL US,0.13,1.2,.,33,2,1
2015-01-05,CHICAGO OHARE INTERNATIONAL AIRPORT IL US,0.15,2,.,6,-3,1
2015-01-06,CHICAGO OHARE INTERNATIONAL AIRPORT IL US,0.01,3.9,.,10,-5,1
2015-01-07,CHICAGO OHARE INTERNATIONAL AIRPORT IL US,0,3.1,0,6,.,1
2015-01-08,CHICAGO OHARE INTERNATIONAL AIRPORT IL US,0.06,3.1,.,18,-8,1
2015-01-09,CHICAGO OHARE INTERNATIONAL AIRPORT IL US,0,5.1,0,11,0,1
2015-01-10,CHICAGO OHARE INTERNATIONAL AIRPORT IL US,0,3.9,0,24,-2,1
2015-01-11,CHICAGO OHARE INTERNATIONAL AIRPORT IL US,0.19,3.9,2.6,.,22,1
2015-01-12,CHICAGO OHARE INTERNATIONAL AIRPORT IL US,0,5.9,0.4,28,15,1
2015-01-13,CHICAGO OHARE INTERNATIONAL AIRPORT IL US,0,5.9,0.2,19,3,1
2015-01-14,CHICAGO OHARE INTERNATIONAL AIRPORT IL US,0,5.9,0,19,1,1
2015-01-15,CHICAGO OHARE INTERNATIONAL AIRPORT IL US,0,5.1,0,34,.,1
2015-01-16,CHICAGO OHARE INTERNATIONAL AIRPORT IL US,0,3.9,0,34,23,1
2015-01-17,CHICAGO OHARE INTERNATIONAL AIRPORT IL US,0,3.9,0,42,.,1
2015-01-18,CHICAGO OHARE INTERNATIONAL AIRPORT IL US,0,0,0,40,27,1
2015-01-19,CHICAGO OHARE INTERNATIONAL AIRPORT IL US,0,0,0,41,25,1
2015-01-20,CHICAGO OHARE INTERNATIONAL AIRPORT IL US,0,0,0,36,29,1
2015-01-21,CHICAGO OHARE INTERNATIONAL AIRPORT IL US,0.01,0,0.1,33,29,1
2015-01-22,CHICAGO OHARE INTERNATIONAL AIRPORT IL US,0,0,0,31,28,1
2015-01-23,CHICAGO OHARE INTERNATIONAL AIRPORT IL US,0,0,0,31,29,1
2015-01-24,CHICAGO OHARE INTERNATIONAL AIRPORT IL US,0,0,0,.,29,1
2015-01-25,CHICAGO OHARE INTERNATIONAL AIRPORT IL US,0.08,0,0.6,34,24,1
2015-01-26,CHICAGO OHARE INTERNATIONAL AIRPORT IL US,0.07,0,1,26,15,1
2015-01-27,CHICAGO OHARE INTERNATIONAL AIRPORT IL US,0,1.2,0,32,20,1
2015-01-28,CHICAGO OHARE INTERNATIONAL AIRPORT IL US,0.01,1.2,0,34,19,1
2015-01-29,CHICAGO OHARE INTERNATIONAL AIRPORT IL US,0.01,1.2,0.1,.,28,1
2015-01-30,CHICAGO OHARE INTERNATIONAL AIRPORT IL US,0,1.2,0,30,18,1
2015-01-31,CHICAGO OHARE INTERNATIONAL AIRPORT IL US,0.12,0,1.3,36,19,1
2015-02-01,CHICAGO OHARE INTERNATIONAL AIRPORT IL US,0.87,3.9,16.2,31,19,2
2015-02-02,CHICAGO OHARE INTERNATIONAL AIRPORT IL US,0.05,18.1,1.8,19,6,2
2015-02-03,CHICAGO OHARE INTERNATIONAL AIRPORT IL US,0.09,16.9,1.6,26,2,2
2015-02-04,CHICAGO OHARE INTERNATIONAL AIRPORT IL US,0.02,16.1,0.3,25,.,2
2015-02-05,CHICAGO OHARE INTERNATIONAL AIRPORT IL US,0,15,0,15,-2,2
2015-02-06,CHICAGO OHARE INTERNATIONAL AIRPORT IL US,.,14.2,0,31,13,2
2015-02-07,CHICAGO OHARE INTERNATIONAL AIRPORT IL US,0,14.2,0,41,18,2
2015-02-08,CHICAGO OHARE INTERNATIONAL AIRPORT IL US,0.01,9.1,0,39,25,2
2015-02-09,CHICAGO OHARE INTERNATIONAL AIRPORT IL US,0,5.9,0,27,19,2
2015-02-10,CHICAGO OHARE INTERNATIONAL AIRPORT IL US,0,5.9,0,33,14,2
2015-02-11,CHICAGO OHARE INTERNATIONAL AIRPORT IL US,0,5.9,0,35,18,2
2015-02-12,CHICAGO OHARE INTERNATIONAL AIRPORT IL US,0,5.9,0,18,8,2
2015-02-13,CHICAGO OHARE INTERNATIONAL AIRPORT IL US,0,5.1,0,26,.,2
2015-02-14,CHICAGO OHARE INTERNATIONAL AIRPORT IL US,0,5.1,0.2,27,.,2
2015-02-15,CHICAGO OHARE INTERNATIONAL AIRPORT IL US,0.03,5.1,.,15,-3,2
2015-02-16,CHICAGO OHARE INTERNATIONAL AIRPORT IL US,0,5.1,0,18,5,2
2015-02-17,CHICAGO OHARE INTERNATIONAL AIRPORT IL US,0,5.1,0.1,19,.,2
2015-02-18,CHICAGO OHARE INTERNATIONAL AIRPORT IL US,0,5.1,0,8,-3,2
2015-02-19,CHICAGO OHARE INTERNATIONAL AIRPORT IL US,0,5.1,0,4,-8,2
2015-02-20,CHICAGO OHARE INTERNATIONAL AIRPORT IL US,0.01,5.1,0.2,18,-7,2
2015-02-21,CHICAGO OHARE INTERNATIONAL AIRPORT IL US,0,5.1,0,32,17,2
2015-02-22,CHICAGO OHARE INTERNATIONAL AIRPORT IL US,0,5.1,0,28,2,2
2015-02-23,CHICAGO OHARE INTERNATIONAL AIRPORT IL US,0,5.1,0,.,-4,2
2015-02-24,CHICAGO OHARE INTERNATIONAL AIRPORT IL US,0.01,5.1,.,29,4,2
2015-02-25,CHICAGO OHARE INTERNATIONAL AIRPORT IL US,0.17,5.1,2,26,10,2
2015-02-26,CHICAGO OHARE INTERNATIONAL AIRPORT IL US,0.17,9.8,3.7,19,0,2
2015-02-27,CHICAGO OHARE INTERNATIONAL AIRPORT IL US,0,9.8,0,14,-2,2
2015-02-28,CHICAGO OHARE INTERNATIONAL AIRPORT IL US,.,9.1,0.4,21,-10,2
2015-03-01,CHICAGO OHARE INTERNATIONAL AIRPORT IL US,0,9.1,0,25,10,3
2015-03-02,CHICAGO OHARE INTERNATIONAL AIRPORT IL US,0,7.9,0,33,13,3
2015-03-03,CHICAGO OHARE INTERNATIONAL AIRPORT IL US,0.13,9.1,0.7,.,24,3
2015-03-04,CHICAGO OHARE INTERNATIONAL AIRPORT IL US,0,7.9,.,31,10,3
2015-03-05,CHICAGO OHARE INTERNATIONAL AIRPORT IL US,0,7.1,0,16,3,3
2015-03-06,CHICAGO OHARE INTERNATIONAL AIRPORT IL US,0,7.1,0,27,.,3
2015-03-07,CHICAGO OHARE INTERNATIONAL AIRPORT IL US,0,7.1,0,44,24,3
2015-03-08,CHICAGO OHARE INTERNATIONAL AIRPORT IL US,0,3.9,0,.,.,3
2015-03-09,CHICAGO OHARE INTERNATIONAL AIRPORT IL US,0,3.9,0,50,25,3
2015-03-10,CHICAGO OHARE INTERNATIONAL AIRPORT IL US,0,0,0,51,35,3
2015-03-11,CHICAGO OHARE INTERNATIONAL AIRPORT IL US,.,0,0,51,30,3
2015-03-12,CHICAGO OHARE INTERNATIONAL AIRPORT IL US,0,0,0,56,28,3
2015-03-13,CHICAGO OHARE INTERNATIONAL AIRPORT IL US,0,0,0,65,.,3
2015-03-14,CHICAGO OHARE INTERNATIONAL AIRPORT IL US,0,0,0,60,37,3
2015-03-15,CHICAGO OHARE INTERNATIONAL AIRPORT IL US,0,0,0,62,29,3
2015-03-16,CHICAGO OHARE INTERNATIONAL AIRPORT IL US,0,0,0,73,42,3
2015-03-17,CHICAGO OHARE INTERNATIONAL AIRPORT IL US,0,0,0,.,28,3
2015-03-18,CHICAGO OHARE INTERNATIONAL AIRPORT IL US,0,0,.,50,28,3
2015-03-19,CHICAGO OHARE INTERNATIONAL AIRPORT IL US,0,0,0,46,37,3
2015-03-20,CHICAGO OHARE INTERNATIONAL AIRPORT IL US,0,0,0,.,38,3
2015-03-21,CHICAGO OHARE INTERNATIONAL AIRPORT IL US,0,0,0,49,32,3
2015-03-22,CHICAGO OHARE INTERNATIONAL AIRPORT IL US,0.02,0,0.2,35,26,3
2015-03-23,CHICAGO OHARE INTERNATIONAL AIRPORT IL US,0.61,2,5.6,31,28,3
2015-03-24,CHICAGO OHARE INTERNATIONAL AIRPORT IL US,0.04,5.1,.,.,19,3
2015-03-25,CHICAGO OHARE INTERNATIONAL AIRPORT IL US,0.25,2,0,41,35,3
2015-03-26,CHICAGO OHARE INTERNATIONAL AIRPORT IL US,0,0,0,42,31,3
2015-03-27,CHICAGO OHARE INTERNATIONAL AIRPORT IL US,.,1.2,0.6,31,.,3
2015-03-28,CHICAGO OHARE INTERNATIONAL AIRPORT IL US,0,0,0,.,20,3
2015-03-29,CHICAGO OHARE INTERNATIONAL AIRPORT IL US,0.01,0,.,47,24,3
2015-03-30,CHICAGO OHARE INTERNATIONAL AIRPORT IL US,0,0,0,.,34,3
2015-03-31,CHICAGO OHARE INTERNATIONAL AIRPORT IL US,0,0,0,58,39,3
2015-04-01,CHICAGO OHARE INTERNATIONAL AIRPORT IL US,0,0,0,.,35,4
2015-04-02,CHICAGO OHARE INTERNATIONAL AIRPORT IL US,0.36,0,0,65,50,4
2015-04-03,CHICAGO OHARE INTERNATIONAL AIRPORT IL US,0,0,0,53,30,4
2015-04-04,CHICAGO OHARE INTERNATIONAL AIRPORT IL US,0,0,0,58,28,4
2015-04-05,CHICAGO OHARE INTERNATIONAL AIRPORT IL US,0,0,0,.,36,4
2015-04-06,CHICAGO OHARE INTERNATIONAL AIRPORT IL US,0.04,0,0,62,34,4
2015-04-07,CHICAGO OHARE INTERNATIONAL AIRPORT IL US,0,0,0,46,38,4
2015-04-08,CHICAGO OHARE INTERNATIONAL AIRPORT IL US,0.05,0,0,.,40,4
2015-04-09,CHICAGO OHARE INTERNATIONAL AIRPORT IL US,1.41,0,0,71,41,4
2015-04-10,CHICAGO OHARE INTERNATIONAL AIRPORT IL US,0,0,.,62,39,4
2015-04-11,CHICAGO OHARE INTERNATIONAL AIRPORT IL US,.,0,.,62,38,4
2015-04-12,CHICAGO OHARE INTERNATIONAL AIRPORT IL US,0,0,0,68,41,4
2015-04-13,CHICAGO OHARE INTERNATIONAL AIRPORT IL US,0.22,0,.,65,49,4
2015-04-14,CHICAGO OHARE INTERNATIONAL AIRPORT IL US,0,0,0,66,39,4
2015-04-15,CHICAGO OHARE INTERNATIONAL AIRPORT IL US,0,0,0,64,43,4
2015-04-16,CHICAGO OHARE INTERNATIONAL AIRPORT IL US,0,0,0,66,.,4
2015-04-17,CHICAGO OHARE INTERNATIONAL AIRPORT IL US,0,0,0,78,45,4
2015-04-18,CHICAGO OHARE INTERNATIONAL AIRPORT IL US,0,0,0,65,47,4
2015-04-19,CHICAGO OHARE INTERNATIONAL AIRPORT IL US,0.46,0,0,68,48,4
2015-04-20,CHICAGO OHARE INTERNATIONAL AIRPORT IL US,0.01,0,0,52,41,4
2015-04-21,CHICAGO OHARE INTERNATIONAL AIRPORT IL US,0,0,0,54,38,4
2015-04-22,CHICAGO OHARE INTERNATIONAL AIRPORT IL US,0,0,0,46,.,4
2015-04-23,CHICAGO OHARE INTERNATIONAL AIRPORT IL US,0,0,0,55,32,4
2015-04-24,CHICAGO OHARE INTERNATIONAL AIRPORT IL US,0.16,0,0,57,29,4
2015-04-25,CHICAGO OHARE INTERNATIONAL AIRPORT IL US,0.16,0,0,.,.,4
2015-04-26,CHICAGO OHARE INTERNATIONAL AIRPORT IL US,0,0,0,56,35,4
2015-04-27,CHICAGO OHARE INTERNATIONAL AIRPORT IL US,0,0,0,55,.,4
2015-04-28,CHICAGO OHARE INTERNATIONAL AIRPORT IL US,0,0,0,58,35,4
2015-04-29,CHICAGO OHARE INTERNATIONAL AIRPORT IL US,0,0,0,61,.,4
2015-04-30,CHICAGO OHARE INTERNATIONAL AIRPORT IL US,0,0,0,51,38,4
2015-05-01,CHICAGO OHARE INTERNATIONAL AIRPORT IL US,0,0,0,67,38,5
2015-05-02,CHICAGO OHARE INTERNATIONAL AIRPORT IL US,0,0,0,76,50,5
2015-05-03,CHICAGO OHARE INTERNATIONAL AIRPORT IL US,0.42,0,0,78,55,5
2015-05-04,CHICAGO OHARE INTERNATIONAL AIRPORT IL US,0,0,0,74,55,5
2015-05-05,CHICAGO OHARE INTERNATIONAL AIRPORT IL US,0.95,0,0,56,47,5
2015-05-06,CHICAGO OHARE INTERNATIONAL AIRPORT IL US,.,0,0,.,46,5
2015-05-07,CHICAGO OHARE INTERNATIONAL AIRPORT IL US,.,0,0,83,52,5
2015-05-08,CHICAGO OHARE INTERNATIONAL AIRPORT IL US,0.75,0,0,81,63,5
2015-05-09,CHICAGO OHARE INTERNATIONAL AIRPORT IL US,0.29,0,.,.,.,5
2015-05-10,CHICAGO OHARE INTERNATIONAL AIRPORT IL US,0.14,0,.,54,45,5
2015-05-11,CHICAGO OHARE INTERNATIONAL AIRPORT IL US,0.22,0,0,68,47,5
2015-05-12,CHICAGO OHARE INTERNATIONAL AIRPORT IL US,0,0,0,56,44,5
2015-05-13,CHICAGO OHARE INTERNATIONAL AIRPORT IL US,0,0,0,52,40,5
2015-05-14,CHICAGO OHARE INTERNATIONAL AIRPORT IL US,0.24,0,0,66,43,5
2015-05-15,CHICAGO OHARE INTERNATIONAL AIRPORT IL US,0,0,0,76,57,5
2015-05-16,CHICAGO OHARE INTERNATIONAL AIRPORT IL US,0.03,0,0,79,62,5
2015-05-17,CHICAGO OHARE INTERNATIONAL AIRPORT IL US,0,0,0,82,.,5
2015-05-18,CHICAGO OHARE INTERNATIONAL AIRPORT IL US,0,0,0,77,49,5
2015-05-19,CHICAGO OHARE INTERNATIONAL AIRPORT IL US,0,0,0,53,40,5
2015-05-20,CHICAGO OHARE INTERNATIONAL AIRPORT IL US,0.04,0,0,48,39,5
2015-05-21,CHICAGO OHARE INTERNATIONAL AIRPORT IL US,0,0,0,69,45,5
2015-05-22,CHICAGO OHARE INTERNATIONAL AIRPORT IL US,0,0,0,66,47,5
2015-05-23,CHICAGO OHARE INTERNATIONAL AIRPORT IL US,0,0,0,80,46,5
2015-05-24,CHICAGO OHARE INTERNATIONAL AIRPORT IL US,0.36,0,0,72,59,5
2015-05-25,CHICAGO OHARE INTERNATIONAL AIRPORT IL US,0.07,0,0,78,65,5
2015-05-26,CHICAGO OHARE INTERNATIONAL AIRPORT IL US,0.5,0,0,.,64,5
2015-05-27,CHICAGO OHARE INTERNATIONAL AIRPORT IL US,0,0,0,.,59,5
2015-05-28,CHICAGO OHARE INTERNATIONAL AIRPORT IL US,.,0,0,82,54,5
2015-05-29,CHICAGO OHARE INTERNATIONAL AIRPORT IL US,0.2,0,0,81,63,5
2015-05-30,CHICAGO OHARE INTERNATIONAL AIRPORT IL US,0.41,0,0,71,.,5
2015-05-31,CHICAGO OHARE INTERNATIONAL AIRPORT IL US,0,0,0,55,42,5
2015-06-01,CHICAGO OHARE INTERNATIONAL AIRPORT IL US,0,0,0,.,44,6
2015-06-02,CHICAGO OHARE INTERNATIONAL AIRPORT IL US,0,0,0,.,42,6
2015-06-03,CHICAGO OHARE INTERNATIONAL AIRPORT IL US,0,0,0,77,50,6
2015-06-04,CHICAGO OHARE INTERNATIONAL AIRPORT IL US,0,0,0,.,57,6
2015-06-05,CHICAGO OHARE INTERNATIONAL AIRPORT IL US,0,0,0,70,.,6
2015-06-06,CHICAGO OHARE INTERNATIONAL AIRPORT IL US,0,0,.,71,52,6
2015-06-07,CHICAGO OHARE INTERNATIONAL AIRPORT IL US,0.36,0,0,81,55,6
2015-06-08,CHICAGO OHARE INTERNATIONAL AIRPORT IL US,0.04,0,0,84,61,6
2015-06-09,CHICAGO OHARE INTERNATIONAL AIRPORT IL US,0,0,0,85,60,6
2015-06-10,CHICAGO OHARE INTERNATIONAL AIRPORT IL US,0,0,0,92,68,6
2015-06-11,CHICAGO OHARE INTERNATIONAL AIRPORT IL US,0.27,0,0,72,58,6
2015-06-12,CHICAGO OHARE INTERNATIONAL AIRPORT IL US,0.13,0,0,67,56,6
2015-06-13,CHICAGO OHARE INTERNATIONAL AIRPORT IL US,0.4,0,0,86,56,6
2015-06-14,CHICAGO OHARE INTERNATIONAL AIRPORT IL US,0.6,0,0,83,68,6
2015-06-15,CHICAGO OHARE INTERNATIONAL AIRPORT IL US,2.56,0,.,80,68,6
2015-06-16,CHICAGO OHARE INTERNATIONAL AIRPORT IL US,0,0,0,72,56,6
2015-06-17,CHICAGO OHARE INTERNATIONAL AIRPORT IL US,0.14,0,0,72,56,6
2015-06-18,CHICAGO OHARE INTERNATIONAL AIRPORT IL US,0.27,0,0,.,58,6
2015-06-19,CHICAGO OHARE INTERNATIONAL AIRPORT IL US,0,0,0,67,54,6
2015-06-20,CHICAGO OHARE INTERNATIONAL AIRPORT IL US,0.31,0,0,78,53,6
2015-06-21,CHICAGO OHARE INTERNATIONAL AIRPORT IL US,0,0,0,84,67,6
2015-06-22,CHICAGO OHARE INTERNATIONAL AIRPORT IL US,0.09,0,0,83,66,6
2015-06-23,CHICAGO OHARE INTERNATIONAL AIRPORT IL US,0,0,0,82,63,6
2015-06-24,CHICAGO OHARE INTERNATIONAL AIRPORT IL US,0,0,0,.,60,6
2015-06-25,CHICAGO OHARE INTERNATIONAL AIRPORT IL US,.,0,0,79,61,6
2015-06-26,CHICAGO OHARE INTERNATIONAL AIRPORT IL US,0.13,0,0,67,58,6
2015-06-27,CHICAGO OHARE INTERNATIONAL AIRPORT IL US,0,0,0,76,56,6
2015-06-28,CHICAGO OHARE INTERNATIONAL AIRPORT IL US,0.02,0,0,79,54,6
2015-06-29,CHICAGO OHARE INTERNATIONAL AIRPORT IL US,0.62,0,0,75,.,6
2015-06-30,CHICAGO OHARE INTERNATIONAL AIRPORT IL US,0.17,0,0,77,.,6
2015-07-01,CHICAGO OHARE INTERNATIONAL AIRPORT IL US,0,0,0,69,54,7
2015-07-02,CHICAGO OHARE INTERNATIONAL AIRPORT IL US,0,0,0,69,53,7
2015-07-03,CHICAGO OHARE INTERNATIONAL AIRPORT IL US,0,0,0,77,55,7
2015-07-04,CHICAGO OHARE INTERNATIONAL AIRPORT IL US,0,0,0,81,59,7
2015-07-05,CHICAGO OHARE INTERNATIONAL AIRPORT IL US,0,0,0,83,.,7
2015-07-06,CHICAGO OHARE INTERNATIONAL AIRPORT IL US,0.49,0,0,85,.,7
2015-07-07,CHICAGO OHARE INTERNATIONAL AIRPORT IL US,0.27,0,.,71,55,7
2015-07-08,CHICAGO OHARE INTERNATIONAL AIRPORT IL US,0.07,0,0,67,54,7
2015-07-09,CHICAGO OHARE INTERNATIONAL AIRPORT IL US,0,0,0,77,.,7
2015-07-10,CHICAGO OHARE INTERNATIONAL AIRPORT IL US,0,0,0,83,59,7
2015-07-11,CHICAGO OHARE INTERNATIONAL AIRPORT IL US,0.03,0,0,78,61,7
2015-07-12,CHICAGO OHARE INTERNATIONAL AIRPORT IL US,0,0,0,83,69,7
2015-07-13,CHICAGO OHARE INTERNATIONAL AIRPORT IL US,0.42,0,0,86,68,7
2015-07-14,CHICAGO OHARE INTERNATIONAL AIRPORT IL US,.,0,0,83,61,7
2015-07-15,CHICAGO OHARE INTERNATIONAL AIRPORT IL US,0,0,.,75,59,7
2015-07-16,CHICAGO OHARE INTERNATIONAL AIRPORT IL US,0.97,0,0,75,58,7
2015-07-17,CHICAGO OHARE INTERNATIONAL AIRPORT IL US,0.06,0,0,.,71,7
2015-07-18,CHICAGO OHARE INTERNATIONAL AIRPORT IL US,0.54,0,0,89,73,7
2015-07-19,CHICAGO OHARE INTERNATIONAL AIRPORT IL US,0,0,0,85,65,7
2015-07-20,CHICAGO OHARE INTERNATIONAL AIRPORT IL US,0,0,0,85,63,7
2015-07-21,CHICAGO OHARE INTERNATIONAL AIRPORT IL US,0,0,0,82,65,7
2015-07-22,CHICAGO OHARE INTERNATIONAL AIRPORT IL US,0,0,0,83,64,7
2015-07-23,CHICAGO OHARE INTERNATIONAL AIRPORT IL US,0,0,0,85,63,7
2015-07-24,CHICAGO OHARE INTERNATIONAL AIRPORT IL US,0,0,0,84,64,7
2015-07-25,CHICAGO OHARE INTERNATIONAL AIRPORT IL US,.,0,0,91,69,7
2015-07-26,CHICAGO OHARE INTERNATIONAL AIRPORT IL US,0,0,0,80,64,7
2015-07-27,CHICAGO OHARE INTERNATIONAL AIRPORT IL US,0,0,0,88,67,7
2015-07-28,CHICAGO OHARE INTERNATIONAL AIRPORT IL US,0,0,0,91,.,7
2015-07-29,CHICAGO OHARE INTERNATIONAL AIRPORT IL US,0,0,0,88,70,7
2015-07-30,CHICAGO OHARE INTERNATIONAL AIRPORT IL US,0,0,0,.,65,7
2015-07-31,CHICAGO OHARE INTERNATIONAL AIRPORT IL US,0,0,0,87,67,7
2015-08-01,CHICAGO OHARE INTERNATIONAL AIRPORT IL US,.,0,0,87,64,8
2015-08-02,CHICAGO OHARE INTERNATIONAL AIRPORT IL US,0.53,0,.,91,67,8
2015-08-03,CHICAGO OHARE INTERNATIONAL AIRPORT IL US,0,0,0,82,67,8
2015-08-04,CHICAGO OHARE INTERNATIONAL AIRPORT IL US,0,0,0,82,61,8
2015-08-05,CHICAGO OHARE INTERNATIONAL AIRPORT IL US,0,0,0,82,.,8
2015-08-06,CHICAGO OHARE INTERNATIONAL AIRPORT IL US,0,0,0,.,.,8
2015-08-07,CHICAGO OHARE INTERNATIONAL AIRPORT IL US,0,0,0,83,63,8
2015-08-08,CHICAGO OHARE INTERNATIONAL AIRPORT IL US,.,0,0,82,68,8
2015-08-09,CHICAGO OHARE INTERNATIONAL AIRPORT IL US,0,0,0,80,67,8
2015-08-10,CHICAGO OHARE INTERNATIONAL AIRPORT IL US,0.02,0,0,84,.,8
2015-08-11,CHICAGO OHARE INTERNATIONAL AIRPORT IL US,0,0,.,82,65,8
2015-08-12,CHICAGO OHARE INTERNATIONAL AIRPORT IL US,0,0,0,81,61,8
2015-08-13,CHICAGO OHARE INTERNATIONAL AIRPORT IL US,0,0,0,.,65,8
2015-08-14,CHICAGO OHARE INTERNATIONAL AIRPORT IL US,0.21,0,0,90,67,8
2015-08-15,CHICAGO OHARE INTERNATIONAL AIRPORT IL US,0.14,0,0,92,67,8
2015-08-16,CHICAGO OHARE INTERNATIONAL AIRPORT IL US,0,0,0,89,71,8
2015-08-17,CHICAGO OHARE INTERNATIONAL AIRPORT IL US,0.12,0,0,88,68,8
2015-08-18,CHICAGO OHARE INTERNATIONAL AIRPORT IL US,0.4,0,0,83,67,8
2015-08-19,CHICAGO OHARE INTERNATIONAL AIRPORT IL US,0,0,0,75,62,8
2015-08-20,CHICAGO OHARE INTERNATIONAL AIRPORT IL US,0,0,0,74,59,8
2015-08-21,CHICAGO OHARE INTERNATIONAL AIRPORT IL US,0,0,.,82,55,8
2015-08-22,CHICAGO OHARE INTERNATIONAL AIRPORT IL US,0,0,0,81,60,8
2015-08-23,CHICAGO OHARE INTERNATIONAL AIRPORT IL US,0,0,0,77,61,8
2015-08-24,CHICAGO OHARE INTERNATIONAL AIRPORT IL US,0,0,0,75,.,8
2015-08-25,CHICAGO OHARE INTERNATIONAL AIRPORT IL US,0,0,.,72,59,8
2015-08-26,CHICAGO OHARE INTERNATIONAL AIRPORT IL US,0,0,0,.,56,8
2015-08-27,CHICAGO OHARE INTERNATIONAL AIRPORT IL US,0,0,0,76,51,8
2015-08-28,CHICAGO OHARE INTERNATIONAL AIRPORT IL US,0,0,.,72,56,8
2015-08-29,CHICAGO OHARE INTERNATIONAL AIRPORT IL US,0.74,0,0,70,63,8
2015-08-30,CHICAGO OHARE INTERNATIONAL AIRPORT IL US,.,0,0,77,62,8
2015-08-31,CHICAGO OHARE INTERNATIONAL AIRPORT IL US,0,0,0,85,60,8
2015-09-01,CHICAGO OHARE INTERNATIONAL AIRPORT IL US,0,0,.,88,68,9
2015-09-02,CHICAGO OHARE INTERNATIONAL AIRPORT IL US,0,0,0,90,72,9
2015-09-03,CHICAGO OHARE INTERNATIONAL AIRPORT IL US,0,0,0,91,.,9
2015-09-04,CHICAGO OHARE INTERNATIONAL AIRPORT IL US,0,0,0,85,68,9
2015-09-05,CHICAGO OHARE INTERNATIONAL AIRPORT IL US,0,0,0,87,69,9
2015-09-06,CHICAGO OHARE INTERNATIONAL AIRPORT IL US,0,0,0,92,70,9
2015-09-07,CHICAGO OHARE INTERNATIONAL AIRPORT IL US,0,0,0,88,76,9
2015-09-08,CHICAGO OHARE INTERNATIONAL AIRPORT IL US,1.04,0,0,81,68,9
2015-09-09,CHICAGO OHARE INTERNATIONAL AIRPORT IL US,0,0,0,77,58,9
2015-09-10,CHICAGO OHARE INTERNATIONAL AIRPORT IL US,0.21,0,0,74,54,9
2015-09-11,CHICAGO OHARE INTERNATIONAL AIRPORT IL US,0.17,0,0,67,54,9
2015-09-12,CHICAGO OHARE INTERNATIONAL AIRPORT IL US,0,0,0,.,50,9
2015-09-13,CHICAGO OHARE INTERNATIONAL AIRPORT IL US,0,0,.,70,.,9
2015-09-14,CHICAGO OHARE INTERNATIONAL AIRPORT IL US,.,0,0,82,52,9
2015-09-15,CHICAGO OHARE INTERNATIONAL AIRPORT IL US,0,0,0,82,62,9
2015-09-16,CHICAGO OHARE INTERNATIONAL AIRPORT IL US,.,0,0,83,56,9
2015-09-17,CHICAGO OHARE INTERNATIONAL AIRPORT IL US,0.36,0,0,.,.,9
2015-09-18,CHICAGO OHARE INTERNATIONAL AIRPORT IL US,2.41,0,.,74,65,9
2015-09-19,CHICAGO OHARE INTERNATIONAL AIRPORT IL US,0.05,0,0,71,53,9
2015-09-20,CHICAGO OHARE INTERNATIONAL AIRPORT IL US,0,0,0,73,50,9
2015-09-21,CHICAGO OHARE INTERNATIONAL AIRPORT IL US,0,0,0,74,52,9
2015-09-22,CHICAGO OHARE INTERNATIONAL AIRPORT IL US,0,0,0,80,53,9
2015-09-23,CHICAGO OHARE INTERNATIONAL AIRPORT IL US,0,0,0,80,57,9
2015-09-24,CHICAGO OHARE INTERNATIONAL AIRPORT IL US,0,0,0,76,56,9
2015-09-25,CHICAGO OHARE INTERNATIONAL AIRPORT IL US,0,0,0,73,60,9
2015-09-26,CHICAGO OHARE INTERNATIONAL AIRPORT IL US,0,0,0,75,60,9
2015-09-27,CHICAGO OHARE INTERNATIONAL AIRPORT IL US,0,0,0,74,61,9
2015-09-28,CHICAGO OHARE INTERNATIONAL AIRPORT IL US,0,0,0,77,.,9
2015-09-29,CHICAGO OHARE INTERNATIONAL AIRPORT IL US,0.4,0,0,68,55,9
2015-09-30,CHICAGO OHARE INTERNATIONAL AIRPORT IL US,0,0,0,61,52,9
2015-10-01,CHICAGO OHARE INTERNATIONAL AIRPORT IL US,0,0,0,59,52,10
2015-10-02,CHICAGO OHARE INTERNATIONAL AIRPORT IL US,0,0,0,.,51,10
2015-10-03,CHICAGO OHARE INTERNATIONAL AIRPORT IL US,0.01,0,0,54,48,10
2015-10-04,CHICAGO OHARE INTERNATIONAL AIRPORT IL US,0,0,0,57,50,10
2015-10-05,CHICAGO OHARE INTERNATIONAL AIRPORT IL US,.,0,0,.,.,10
2015-10-06,CHICAGO OHARE INTERNATIONAL AIRPORT IL US,.,0,.,71,55,10
2015-10-07,CHICAGO OHARE INTERNATIONAL AIRPORT IL US,0,0,0,71,54,10
2015-10-08,CHICAGO OHARE INTERNATIONAL AIRPORT IL US,0.05,0,0,.,50,10
2015-10-09,CHICAGO OHARE INTERNATIONAL AIRPORT IL US,0,0,.,64,47,10
2015-10-10,CHICAGO OHARE INTERNATIONAL AIRPORT IL US,0,0,0,65,42,10
2015-10-11,CHICAGO OHARE INTERNATIONAL AIRPORT IL US,0,0,0,79,51,10
2015-10-12,CHICAGO OHARE INTERNATIONAL AIRPORT IL US,0,0,0,75,53,10
2015-10-13,CHICAGO OHARE INTERNATIONAL AIRPORT IL US,0,0,0,63,47,10
2015-10-14,CHICAGO OHARE INTERNATIONAL AIRPORT IL US,.,0,0,.,42,10
2015-10-15,CHICAGO OHARE INTERNATIONAL AIRPORT IL US,0,0,0,69,46,10
2015-10-16,CHICAGO OHARE INTERNATIONAL AIRPORT IL US,0,0,0,55,37,10
2015-10-17,CHICAGO OHARE INTERNATIONAL AIRPORT IL US,0,0,0,53,33,10
2015-10-18,CHICAGO OHARE INTERNATIONAL AIRPORT IL US,0,0,0,60,.,10
2015-10-19,CHICAGO OHARE INTERNATIONAL AIRPORT IL US,.,0,0,73,47,10
2015-10-20,CHICAGO OHARE INTERNATIONAL AIRPORT IL US,0.11,0,0,74,57,10
2015-10-21,CHICAGO OHARE INTERNATIONAL AIRPORT IL US,0.01,0,0,75,52,10
2015-10-22,CHICAGO OHARE INTERNATIONAL AIRPORT IL US,0,0,0,.,51,10
2015-10-23,CHICAGO OHARE INTERNATIONAL AIRPORT IL US,0.16,0,0,.,.,10
2015-10-24,CHICAGO OHARE INTERNATIONAL AIRPORT IL US,0.3,0,0,66,46,10
2015-10-25,CHICAGO OHARE INTERNATIONAL AIRPORT IL US,0,0,.,62,41,10
2015-10-26,CHICAGO OHARE INTERNATIONAL AIRPORT IL US,0,0,0,61,.,10
2015-10-27,CHICAGO OHARE INTERNATIONAL AIRPORT IL US,0.49,0,0,56,50,10
2015-10-28,CHICAGO OHARE INTERNATIONAL AIRPORT IL US,0.33,0,0,.,37,10
2015-10-29,CHICAGO OHARE INTERNATIONAL AIRPORT IL US,0,0,0,47,36,10
2015-10-30,CHICAGO OHARE INTERNATIONAL AIRPORT IL US,0,0,0,56,36,10
2015-10-31,CHICAGO OHARE INTERNATIONAL AIRPORT IL US,0.77,0,0,52,45,10
2015-11-01,CHICAGO OHARE INTERNATIONAL AIRPORT IL US,0,0,0,63,44,11
2015-11-02,CHICAGO OHARE INTERNATIONAL AIRPORT IL US,.,0,0,72,47,11
2015-11-03,CHICAGO OHARE INTERNATIONAL AIRPORT IL US,0,0,.,70,.,11
2015-11-04,CHICAGO OHARE INTERNATIONAL AIRPORT IL US,0,0,0,71,.,11
2015-11-05,CHICAGO OHARE INTERNATIONAL AIRPORT IL US,0,0,0,70,.,11
2015-11-06,CHICAGO OHARE INTERNATIONAL AIRPORT IL US,0.16,0,0,65,41,11
2015-11-07,CHICAGO OHARE INTERNATIONAL AIRPORT IL US,0,0,0,53,35,11
2015-11-08,CHICAGO OHARE INTERNATIONAL AIRPORT IL US,0,0,0,.,28,11
2015-11-09,CHICAGO OHARE INTERNATIONAL AIRPORT IL US,0,0,0,56,29,11
2015-11-10,CHICAGO OHARE INTERNATIONAL AIRPORT IL US,0,0,0,56,32,11
2015-11-11,CHICAGO OHARE INTERNATIONAL AIRPORT IL US,0.42,0,0,.,36,11
2015-11-12,CHICAGO OHARE INTERNATIONAL AIRPORT IL US,0,0,0,56,42,11
2015-11-13,CHICAGO OHARE INTERNATIONAL AIRPORT IL US,0,0,0,47,32,11
2015-11-14,CHICAGO OHARE INTERNATIONAL AIRPORT IL US,0,0,0,57,25,11
2015-11-15,CHICAGO OHARE INTERNATIONAL AIRPORT IL US,0,0,0,64,.,11
2015-11-16,CHICAGO OHARE INTERNATIONAL AIRPORT IL US,0.12,0,0,57,43,11
2015-11-17,CHICAGO OHARE INTERNATIONAL AIRPORT IL US,0.63,0,0,61,.,11
2015-11-18,CHICAGO OHARE INTERNATIONAL AIRPORT IL US,0.2,0,0,62,.,11
2015-11-19,CHICAGO OHARE INTERNATIONAL AIRPORT IL US,0,0,0,47,35,11
2015-11-20,CHICAGO OHARE INTERNATIONAL AIRPORT IL US,0.28,0,4.2,40,31,11
2015-11-21,CHICAGO OHARE INTERNATIONAL AIRPORT IL US,.,5.1,7,33,18,11
2015-11-22,CHICAGO OHARE INTERNATIONAL AIRPORT IL US,0,7.1,0,27,7,11
2015-11-23,CHICAGO OHARE INTERNATIONAL AIRPORT IL US,.,7.1,0,.,25,11
2015-11-24,CHICAGO OHARE INTERNATIONAL AIRPORT IL US,0,5.1,.,41,.,11
2015-11-25,CHICAGO OHARE INTERNATIONAL AIRPORT IL US,.,3.9,.,52,29,11
2015-11-26,CHICAGO OHARE INTERNATIONAL AIRPORT IL US,0.42,0,0,.,48,11
2015-11-27,CHICAGO OHARE INTERNATIONAL AIRPORT IL US,0.84,0,0,56,34,11
2015-11-28,CHICAGO OHARE INTERNATIONAL AIRPORT IL US,0,0,0,38,30,11
2015-11-29,CHICAGO OHARE INTERNATIONAL AIRPORT IL US,0,0,.,.,25,11
2015-11-30,CHICAGO OHARE INTERNATIONAL AIRPORT IL US,0.26,0,0,44,38,11
2015-12-01,CHICAGO OHARE INTERNATIONAL AIRPORT IL US,0.18,0,0,43,37,12
2015-12-02,CHICAGO OHARE INTERNATIONAL AIRPORT IL US,0.21,0,1.3,38,31,12
2015-12-03,CHICAGO OHARE INTERNATIONAL AIRPORT IL US,0,0,0,35,30,12
2015-12-04,CHICAGO OHARE INTERNATIONAL AIRPORT IL US,0,0,0,47,32,12
2015-12-05,CHICAGO OHARE INTERNATIONAL AIRPORT IL US,0,0,0,46,29,12
2015-12-06,CHICAGO OHARE INTERNATIONAL AIRPORT IL US,0,0,0,47,27,12
2015-12-07,CHICAGO OHARE INTERNATIONAL AIRPORT IL US,0,0,0,39,27,12
2015-12-08,CHICAGO OHARE INTERNATIONAL AIRPORT IL US,0,0,0,47,38,12
2015-12-09,CHICAGO OHARE INTERNATIONAL AIRPORT IL US,0,0,0,52,40,12
2015-12-10,CHICAGO OHARE INTERNATIONAL AIRPORT IL US,0,0,0,57,41,12
2015-12-11,CHICAGO OHARE INTERNATIONAL AIRPORT IL US,0,0,0,51,41,12
2015-12-12,CHICAGO OHARE INTERNATIONAL AIRPORT IL US,0,0,.,.,47,12
2015-12-13,CHICAGO OHARE INTERNATIONAL AIRPORT IL US,0.85,0,0,61,48,12
2015-12-14,CHICAGO OHARE INTERNATIONAL AIRPORT IL US,0.39,0,0,61,42,12
2015-12-15,CHICAGO OHARE INTERNATIONAL AIRPORT IL US,0,0,0,.,39,12
2015-12-16,CHICAGO OHARE INTERNATIONAL AIRPORT IL US,0.12,0,0,53,35,12
2015-12-17,CHICAGO OHARE INTERNATIONAL AIRPORT IL US,0,0,0,35,28,12
2015-12-18,CHICAGO OHARE INTERNATIONAL AIRPORT IL US,0,0,0.2,32,24,12
2015-12-19,CHICAGO OHARE INTERNATIONAL AIRPORT IL US,0,0,0,30,15,12
2015-12-20,CHICAGO OHARE INTERNATIONAL AIRPORT IL US,.,0,0,50,.,12
2015-12-21,CHICAGO OHARE INTERNATIONAL AIRPORT IL US,0.67,0,0,52,41,12
2015-12-22,CHICAGO OHARE INTERNATIONAL AIRPORT IL US,0.02,0,0,41,35,12
2015-12-23,CHICAGO OHARE INTERNATIONAL AIRPORT IL US,.,0,0,59,40,12
2015-12-24,CHICAGO OHARE INTERNATIONAL AIRPORT IL US,0,0,0,.,34,12
2015-12-25,CHICAGO OHARE INTERNATIONAL AIRPORT IL US,.,0,0,44,32,12
2015-12-26,CHICAGO OHARE INTERNATIONAL AIRPORT IL US,0.21,0,0,42,37,12
2015-12-27,CHICAGO OHARE INTERNATIONAL AIRPORT IL US,0.14,0,0,.,35,12
2015-12-28,CHICAGO OHARE INTERNATIONAL AIRPORT IL US,.,0,1.9,39,31,12
2015-12-29,CHICAGO OHARE INTERNATIONAL AIRPORT IL US,.,1.2,0,39,29,12
2015-12-30,CHICAGO OHARE INTERNATIONAL AIRPORT IL US,0.09,1.2,.,29,.,12
2015-12-31,CHICAGO OHARE INTERNATIONAL AIRPORT IL US,0,0,.,28,22,12
2016-01-01,CHICAGO OHARE INTERNATIONAL AIRPORT IL US,0,2,0,31,19,1
2016-01-02,CHICAGO OHARE INTERNATIONAL AIRPORT IL US,.,1.2,0,32,20,1
2016-01-03,CHICAGO OHARE INTERNATIONAL AIRPORT IL US,0,1.2,0,.,22,1
2016-01-04,CHICAGO OHARE INTERNATIONAL AIRPORT IL US,0,1.2,0,.,22,1
2016-01-05,CHICAGO OHARE INTERNATIONAL AIRPORT IL US,.,1.2,0,33,17,1
2016-01-06,CHICAGO OHARE INTERNATIONAL AIRPORT IL US,0,1.2,0,36,21,1
2016-01-07,CHICAGO OHARE INTERNATIONAL AIRPORT IL US,0.01,1.2,0,41,34,1
2016-01-08,CHICAGO OHARE INTERNATIONAL AIRPORT IL US,.,0,0,42,36,1
2016-01-09,CHICAGO OHARE INTERNATIONAL AIRPORT IL US,0.27,0,1.7,40,23,1
2016-01-10,CHICAGO OHARE INTERNATIONAL AIRPORT IL US,0,1.2,0,23,2,1
2016-01-11,CHICAGO OHARE INTERNATIONAL AIRPORT IL US,0.11,1.2,3.1,24,-1,1
2016-01-12,CHICAGO OHARE INTERNATIONAL AIRPORT IL US,0.01,3.1,0.1,20,3,1
2016-01-13,CHICAGO OHARE INTERNATIONAL AIRPORT IL US,0,3.1,0.1,25,-2,1
2016-01-14,CHICAGO OHARE INTERNATIONAL AIRPORT IL US,0,2,.,44,24,1
2016-01-15,CHICAGO OHARE INTERNATIONAL AIRPORT IL US,0.01,0,0,43,30,1
2016-01-16,CHICAGO OHARE INTERNATIONAL AIRPORT IL US,0,0,0,30,.,1
2016-01-17,CHICAGO OHARE INTERNATIONAL AIRPORT IL US,0,0,0,8,-1,1
2016-01-18,CHICAGO OHARE INTERNATIONAL AIRPORT IL US,0,0,0,7,-4,1
2016-01-19,CHICAGO OHARE INTERNATIONAL AIRPORT IL US,0,0,0,17,0,1
2016-01-20,CHICAGO OHARE INTERNATIONAL AIRPORT IL US,0.05,0,0.9,23,12,1
2016-01-21,CHICAGO OHARE INTERNATIONAL AIRPORT IL US,0,0,0,29,9,1
2016-01-22,CHICAGO OHARE INTERNATIONAL AIRPORT IL US,0.02,0,0.4,30,19,1
2016-01-23,CHICAGO OHARE INTERNATIONAL AIRPORT IL US,.,0,0,33,20,1
2016-01-24,CHICAGO OHARE INTERNATIONAL AIRPORT IL US,0,0,0,34,24,1
2016-01-25,CHICAGO OHARE INTERNATIONAL AIRPORT IL US,0.13,0,0,.,24,1
2016-01-26,CHICAGO OHARE INTERNATIONAL AIRPORT IL US,0.02,0,0,36,24,1
2016-01-27,CHICAGO OHARE INTERNATIONAL AIRPORT IL US,0,0,0,34,23,1
2016-01-28,CHICAGO OHARE INTERNATIONAL AIRPORT IL US,0,0,0,39,29,1
2016-01-29,CHICAGO OHARE INTERNATIONAL AIRPORT IL US,0,0,0,35,20,1
2016-01-30,CHICAGO OHARE INTERNATIONAL AIRPORT IL US,0,0,0,46,35,1
2016-01-31,CHICAGO OHARE INTERNATIONAL AIRPORT IL US,0.02,0,.,48,.,1
